Propertyid,Property Address,Type,Purpose,Area (in Sq. Yd.),Bedroom,Bathroom,Price
45138796,"DHA Phase 2, DHA Defence, Karachi, Sindh",House,For Sale,1000,3,3,165000000
45138793,"DHA Phase 2, DHA Defence, Karachi, Sindh",House,For Sale,1000,3,3,165000000
45115440,"DHA Phase 5, DHA Defence, Karachi, Sindh",House,For Sale,1000,3,3,185000000
45140740,"Capital Cooperative Housing Society, Scheme 33 - Sector 35-A, Scheme 33, Karachi, Sindh",House,For Sale,120,4,5,25500000
45138819,"University Road, Karachi, Sindh",Flat,For Sale,143,3,3,14900000
45138818,"University Road, Karachi, Sindh",Flat,For Sale,143,3,3,14900000
45138810,"University Road, Karachi, Sindh",Flat,For Sale,143,3,3,14900000
45138324,"Gulistan-e-Jauhar - Block 15, Gulistan-e-Jauhar, Karachi, Sindh",Flat,For Sale,144,3,3,11000000
45065725,"Bahria Town - Precinct 11-A, Bahria Town - Precinct 11, Bahria Town Karachi, Karachi, Sindh",House,For Sale,152,3,3,16500000
45065732,"Bahria Homes - Iqbal Villas, Bahria Town - Precinct 2, Bahria Town Karachi, Karachi, Sindh",House,For Sale,152,3,3,19000000
44274178,"Emaar Pearl Towers, Emaar Crescent Bay, DHA Phase 8, DHA Defence, Karachi, Sindh",Flat,For Sale,182,2,3,57500000
43059392,"Emaar Pearl Towers, Emaar Crescent Bay, DHA Phase 8, DHA Defence, Karachi, Sindh",Flat,For Sale,389,2,3,150000000
44107797,"Emaar Pearl Towers, Emaar Crescent Bay, DHA Phase 8, DHA Defence, Karachi, Sindh",Flat,For Sale,181,2,3,60000000
44752861,"Emaar Pearl Towers, Emaar Crescent Bay, DHA Phase 8, DHA Defence, Karachi, Sindh",Flat,For Sale,182,2,3,64000000
44753093,"Emaar Pearl Towers, Emaar Crescent Bay, DHA Phase 8, DHA Defence, Karachi, Sindh",Flat,For Sale,180,2,3,66000000
45139705,"Bahria Town - Precinct 27, Bahria Town Karachi, Karachi, Sindh",House,For Sale,235,3,3,17000000
45139717,"Bahria Town - Precinct 31, Bahria Town Karachi, Karachi, Sindh",House,For Sale,235,3,3,16000000
45141057,"Capital Cooperative Housing Society, Scheme 33 - Sector 35-A, Scheme 33, Karachi, Sindh",House,For Sale,240,6,6,47000000
45138667,"Bath Island, Karachi, Sindh",Flat,For Sale,267,4,4,82500000
45138674,"Bath Island, Karachi, Sindh",Flat,For Sale,289,4,4,65000000
44753128,"Emaar Pearl Towers, Emaar Crescent Bay, DHA Phase 8, DHA Defence, Karachi, Sindh",Flat,For Sale,300,2,3,93000000
44656210,"Model Colony - Malir, Malir, Karachi, Sindh",Flat,For Sale,139,3,3,14000000
44777993,"Emaar Coral Towers, Emaar Crescent Bay, DHA Phase 8, DHA Defence, Karachi, Sindh",Flat,For Sale,237,3,4,52500000
45066197,"Bahria Town - Precinct 35, Bahria Sports City, Bahria Town Karachi, Karachi, Sindh",House,For Sale,350,4,4,21000000
42163035,"Askari 5 - Sector J, Askari 5, Malir Cantonment, Cantt, Karachi, Sindh",House,For Sale,375,5,5,69500000
45138341,"Gulistan-e-Jauhar - Block 18, Gulistan-e-Jauhar, Karachi, Sindh",Flat,For Sale,78,3,3,4000000
45138803,"University Road, Karachi, Sindh",Flat,For Sale,87,3,3,9000000
45139693,"Bahria Town - Precinct 11-A, Bahria Town - Precinct 11, Bahria Town Karachi, Karachi, Sindh",House,For Sale,200,3,3,18500000
45138814,"University Road, Karachi, Sindh",Flat,For Sale,143,3,3,14900000
45138815,"University Road, Karachi, Sindh",Flat,For Sale,143,3,3,14900000
45139707,"Bahria Homes - Iqbal Villas, Bahria Town - Precinct 2, Bahria Town Karachi, Karachi, Sindh",House,For Sale,152,3,3,21500000
45138370,"Gulistan-e-Jauhar - Block 12, Gulistan-e-Jauhar, Karachi, Sindh",Upper Portion,For Sale,160,3,3,13500000
43740196,"Oak Residency, Malir, Karachi, Sindh",House,For Sale,120,3,4,25000000
45138808,"University Road, Karachi, Sindh",Flat,For Sale,87,3,3,9000000
43697031,"Shahra-e-Faisal, Karachi, Sindh",Flat,For Sale,189,3,3,22500000
45139718,"Bahria Homes - Iqbal Villas, Bahria Town - Precinct 2, Bahria Town Karachi, Karachi, Sindh",House,For Sale,152,3,3,21000000
45065987,"Bahria Town - Ali Block, Bahria Town - Precinct 12, Bahria Town Karachi, Karachi, Sindh",House,For Sale,125,3,3,15000000
45139715,"Bahria Town - Precinct 11-A, Bahria Town - Precinct 11, Bahria Town Karachi, Karachi, Sindh",House,For Sale,200,3,3,18500000
45139626,"Bahria Apartments, Bahria Town Karachi, Karachi, Sindh",Flat,For Sale,250,3,3,20000000
45065736,"Bahria Town - Precinct 11-A, Bahria Town - Precinct 11, Bahria Town Karachi, Karachi, Sindh",House,For Sale,152,3,3,16500000
45138797,"DHA Phase 2, DHA Defence, Karachi, Sindh",House,For Sale,1000,3,3,165000000
44782168,"Askari 5 - Sector J, Askari 5, Malir Cantonment, Cantt, Karachi, Sindh",Flat,For Sale,300,3,4,39000000
44745939,"Askari 5 - Sector J, Askari 5, Malir Cantonment, Cantt, Karachi, Sindh",House,For Sale,375,5,6,69500000
44746317,"Askari 5 - Sector J, Askari 5, Malir Cantonment, Cantt, Karachi, Sindh",House,For Sale,375,5,6,67000000
44493513,"Gulistan-e-Jauhar - Block 14, Gulistan-e-Jauhar, Karachi, Sindh",House,For Sale,600,7,6,75000000
45139116,"Clifton - Block 5, Clifton, Karachi, Sindh",House,For Sale,250,4,5,67500000
45138671,"Bath Island, Karachi, Sindh",Flat,For Sale,222,3,3,67500000
45139692,"Bahria Town - Precinct 10-A, Bahria Town Karachi, Karachi, Sindh",House,For Sale,200,3,3,18500000
44327856,"DHA Phase 6, DHA Defence, Karachi, Sindh",House,For Sale,500,6,6,125000000
44327788,"DHA Phase 6, DHA Defence, Karachi, Sindh",House,For Sale,500,5,5,107500000
44327930,"DHA Phase 7, DHA Defence, Karachi, Sindh",House,For Sale,500,3,3,85000000
44333119,"DHA Phase 8, DHA Defence, Karachi, Sindh",House,For Sale,120,3,3,58000000
44333014,"DHA Phase 8, DHA Defence, Karachi, Sindh",House,For Sale,1000,6,6,420000000
45138804,"University Road, Karachi, Sindh",Flat,For Sale,87,3,3,9000000
45138806,"University Road, Karachi, Sindh",Flat,For Sale,87,3,3,9000000
45138820,"University Road, Karachi, Sindh",Flat,For Sale,143,3,3,14900000
45138366,"Gulistan-e-Jauhar - Block 18, Gulistan-e-Jauhar, Karachi, Sindh",Flat,For Sale,83,3,3,5500000
45138807,"University Road, Karachi, Sindh",Flat,For Sale,87,3,3,9000000
45138669,"Bath Island, Karachi, Sindh",Flat,For Sale,267,4,4,82500000
45139624,"Bahria Apartments, Bahria Town Karachi, Karachi, Sindh",Flat,For Sale,106,2,2,8500000
45139722,"Bahria Paradise, Bahria Town Karachi, Karachi, Sindh",House,For Sale,500,5,5,49000000
43935180,"Saima Jinnah Avenue, Malir, Karachi, Sindh",Flat,For Sale,250,3,4,36000000
45138792,"DHA Phase 2, DHA Defence, Karachi, Sindh",House,For Sale,1000,3,3,165000000
45138798,"DHA Phase 2, DHA Defence, Karachi, Sindh",House,For Sale,1000,3,3,165000000
45066202,"Bahria Town - Precinct 35, Bahria Sports City, Bahria Town Karachi, Karachi, Sindh",House,For Sale,350,4,4,21000000
45065740,"Bahria Town - Precinct 11-B, Bahria Town - Precinct 11, Bahria Town Karachi, Karachi, Sindh",House,For Sale,152,3,3,14000000
45138466,"Askari 5 - Sector J, Askari 5, Malir Cantonment, Cantt, Karachi, Sindh",Flat,For Sale,250,3,3,45000000
45139706,"Bahria Town - Precinct 31, Bahria Town Karachi, Karachi, Sindh",House,For Sale,235,3,3,15500000
45139622,"Ilyas Goth, Korangi, Karachi, Sindh",House,For Sale,40,1,1,1600000
45138673,"Bath Island, Karachi, Sindh",Flat,For Sale,333,4,4,65000000
45139724,"Bahria Town - Precinct 10-A, Bahria Town Karachi, Karachi, Sindh",House,For Sale,200,3,3,19000000
45138812,"University Road, Karachi, Sindh",Flat,For Sale,143,3,3,14900000
45138340,"Gulistan-e-Jauhar - Block 13, Gulistan-e-Jauhar, Karachi, Sindh",Flat,For Sale,106,3,3,7000000
45139728,"Bahria Homes - Iqbal Villas, Bahria Town - Precinct 2, Bahria Town Karachi, Karachi, Sindh",House,For Sale,152,3,3,21500000
45138791,"DHA Phase 2, DHA Defence, Karachi, Sindh",House,For Sale,1000,3,3,165000000
44106757,"Emaar Pearl Towers, Emaar Crescent Bay, DHA Phase 8, DHA Defence, Karachi, Sindh",Flat,For Sale,182,2,3,44000000
43958909,"Scheme 33, Karachi, Sindh",Flat,For Sale,300,4,4,22500000
45138333,"Gulistan-e-Jauhar - Block 15, Gulistan-e-Jauhar, Karachi, Sindh",Flat,For Sale,144,3,3,11000000
45138362,"Gulistan-e-Jauhar - Block 18, Gulistan-e-Jauhar, Karachi, Sindh",Flat,For Sale,78,3,3,4000000
45138813,"University Road, Karachi, Sindh",Flat,For Sale,143,3,3,14900000
45139702,"Bahria Paradise, Bahria Town Karachi, Karachi, Sindh",House,For Sale,500,5,5,49000000
45139716,"Bahria Town - Precinct 27, Bahria Town Karachi, Karachi, Sindh",House,For Sale,235,3,3,17500000
44255324,"Gulistan-e-Jauhar - Block 14, Gulistan-e-Jauhar, Karachi, Sindh",Lower Portion,For Sale,300,3,4,27000000
45138668,"Bath Island, Karachi, Sindh",Flat,For Sale,267,4,4,85000000
45138811,"University Road, Karachi, Sindh",Flat,For Sale,143,3,3,14900000
45139711,"Bahria Sports City, Bahria Town Karachi, Karachi, Sindh",House,For Sale,350,4,4,22000000
45065989,"Bahria Town - Ali Block, Bahria Town - Precinct 12, Bahria Town Karachi, Karachi, Sindh",House,For Sale,125,3,3,15000000
45139714,"Bahria Town - Precinct 10-A, Bahria Town Karachi, Karachi, Sindh",House,For Sale,200,3,3,18500000
45065728,"Bahria Town - Precinct 11-B, Bahria Town - Precinct 11, Bahria Town Karachi, Karachi, Sindh",House,For Sale,152,3,3,14000000
45138805,"University Road, Karachi, Sindh",Flat,For Sale,87,3,3,9000000
45139713,"Bahria Town - Quaid Villas, Bahria Town - Precinct 2, Bahria Town Karachi, Karachi, Sindh",House,For Sale,200,3,3,23500000
45139709,"Bahria Town - Precinct 11-A, Bahria Town - Precinct 11, Bahria Town Karachi, Karachi, Sindh",House,For Sale,152,3,3,18000000
45139628,"Bahria Apartments, Bahria Town Karachi, Karachi, Sindh",Flat,For Sale,106,2,2,8500000
45138821,"University Road, Karachi, Sindh",Flat,For Sale,143,3,3,14900000
45138816,"University Road, Karachi, Sindh",Flat,For Sale,143,3,3,14900000
45138809,"University Road, Karachi, Sindh",Flat,For Sale,87,3,3,9000000
45140750,"Bahria Homes - Iqbal Villas, Bahria Town - Precinct 2, Bahria Town Karachi, Karachi, Sindh",House,For Sale,152,3,3,19000000
45140696,"Bahria Town - Precinct 11-A, Bahria Town - Precinct 11, Bahria Town Karachi, Karachi, Sindh",House,For Sale,152,3,3,17000000
45139710,"Bahria Town - Precinct 11-B, Bahria Town - Precinct 11, Bahria Town Karachi, Karachi, Sindh",House,For Sale,152,3,3,16000000
45138794,"DHA Phase 2, DHA Defence, Karachi, Sindh",House,For Sale,1000,3,3,165000000
45138560,"Askari 6, Malir Cantonment, Cantt, Karachi, Sindh",House,For Sale,375,5,5,62000000
45139623,"Bahria Apartments, Bahria Town Karachi, Karachi, Sindh",Flat,For Sale,106,2,2,7500000
45139712,"Bahria Paradise, Bahria Town Karachi, Karachi, Sindh",House,For Sale,500,5,5,48000000
44417617,"Sanober Twin Tower, Saadi Road, Karachi, Sindh",Flat,For Sale,133,2,3,8500000
37432347,"Falaknaz Presidency, Malir, Karachi, Sindh",Flat,For Sale,83,2,2,6600000
41595506,"Rafi Premier Residency, Scheme 33, Karachi, Sindh",Flat,For Sale,161,3,2,14500000
44069871,"Rafi Premier Residency, Scheme 33, Karachi, Sindh",Flat,For Sale,161,3,2,14500000
45154542,"Saima Jinnah Avenue, Malir, Karachi, Sindh",Flat,For Sale,244,3,5,45000000
45154737,"Gulshan-e-Iqbal - Block 6, Gulshan-e-Iqbal, Gulshan-e-Iqbal Town, Karachi, Sindh",Upper Portion,For Sale,120,2,2,15000000
44571323,"DHA Phase 6, DHA Defence, Karachi, Sindh",House,For Sale,1000,6,6,250000000
45154946,"DHA Phase 7 Extension, DHA Defence, Karachi, Sindh",House,For Sale,100,3,3,43500000
45152185,"North Nazimabad - Block I, North Nazimabad, Karachi, Sindh",Upper Portion,For Sale,110,2,2,10000000
40427647,"Capital Cooperative Housing Society, Scheme 33 - Sector 35-A, Scheme 33, Karachi, Sindh",House,For Sale,120,4,5,26000000
43706333,"Garden East, Jamshed Town, Karachi, Sindh",House,For Sale,160,5,5,52500000
45152186,"North Nazimabad - Block I, North Nazimabad, Karachi, Sindh",Upper Portion,For Sale,150,3,3,14000000
45153751,"Gulistan-e-Jauhar - Block 16, Gulistan-e-Jauhar, Karachi, Sindh",Flat,For Sale,167,2,3,13000000
45152772,"Amil Colony, Karachi, Sindh",Flat,For Sale,183,4,4,36500000
44906878,"Gulistan-e-Jauhar - Block 16, Gulistan-e-Jauhar, Karachi, Sindh",Flat,For Sale,111,2,2,8800000
44609090,"Korangi, Karachi, Sindh",Flat,For Sale,83,2,2,3700000
44608784,"Korangi Creek Cantonment, Korangi, Karachi, Sindh",Flat,For Sale,83,2,2,3700000
45152108,"Gulshan-e-Iqbal - Block 13/D-2, Gulshan-e-Iqbal, Gulshan-e-Iqbal Town, Karachi, Sindh",Flat,For Sale,106,2,2,7300000
43702938,"Scheme 33, Karachi, Sindh",Flat,For Sale,100,2,2,5000000
44945793,"Saima Jinnah Avenue, Malir, Karachi, Sindh",Flat,For Sale,144,2,3,21500000
43277128,"Nishat Commercial Area, DHA Phase 6, DHA Defence, Karachi, Sindh",Flat,For Sale,111,2,2,9500000
44475666,"DHA Phase 2 Extension, DHA Defence, Karachi, Sindh",Flat,For Sale,106,2,2,6700000
44962890,"Gulistan-e-Jauhar - Block 16, Gulistan-e-Jauhar, Karachi, Sindh",Flat,For Sale,111,2,2,8500000
44257255,"Noman Residencia, Scheme 33, Karachi, Sindh",Flat,For Sale,122,2,2,9800000
43473050,"Saima Presidency, Malir Cantonment, Cantt, Karachi, Sindh",Flat,For Sale,122,2,2,14500000
44994046,"Gulistan-e-Jauhar - Block 16-A, Gulistan-e-Jauhar, Karachi, Sindh",Flat,For Sale,267,2,2,15000000
45154932,"Bahria Town - Quaid Villas, Bahria Town - Precinct 2, Bahria Town Karachi, Karachi, Sindh",House,For Sale,200,3,4,22000000
45154933,"Bahria Town - Precinct 10-A, Bahria Town Karachi, Karachi, Sindh",House,For Sale,200,3,4,17000000
45152606,"Gulshan-e-Iqbal - Block 13/D-2, Gulshan-e-Iqbal, Gulshan-e-Iqbal Town, Karachi, Sindh",Lower Portion,For Sale,200,3,3,23500000
43150045,"Garden East, Jamshed Town, Karachi, Sindh",Flat,For Sale,222,4,4,35000000
45154936,"Bahria Town - Precinct 31, Bahria Town Karachi, Karachi, Sindh",House,For Sale,235,3,4,13500000
44367591,"Capital Cooperative Housing Society, Scheme 33 - Sector 35-A, Scheme 33, Karachi, Sindh",House,For Sale,240,6,6,49000000
44960743,"Gulistan-e-Jauhar - Block 2, Gulistan-e-Jauhar, Karachi, Sindh",House,For Sale,240,6,6,54000000
44046366,"Gulshan-e-Iqbal - Block 1, Gulshan-e-Iqbal, Gulshan-e-Iqbal Town, Karachi, Sindh",Upper Portion,For Sale,240,3,3,26000000
44721359,"PECHS Block 3, PECHS, Jamshed Town, Karachi, Sindh",House,For Sale,250,4,4,85000000
45152911,"Askari 5 - Sector J, Askari 5, Malir Cantonment, Cantt, Karachi, Sindh",Flat,For Sale,289,3,3,41000000
45155001,"North Nazimabad - Block H, North Nazimabad, Karachi, Sindh",Flat,For Sale,111,2,2,14000000
40758070,"Gulshan-e-Iqbal - Block 13/A, Gulshan-e-Iqbal, Gulshan-e-Iqbal Town, Karachi, Sindh",Upper Portion,For Sale,240,3,3,30000000
44945817,"Saima Jinnah Avenue, Malir, Karachi, Sindh",House,For Sale,244,3,4,32000000
36305040,"Saima Jinnah Avenue, Malir, Karachi, Sindh",Flat,For Sale,250,3,4,31000000
43976268,"Gulistan-e-Jauhar - Block 15, Gulistan-e-Jauhar, Karachi, Sindh",Flat,For Sale,167,3,3,16000000
42846557,"Rafi Premier Residency, Scheme 33, Karachi, Sindh",Flat,For Sale,194,3,4,18000000
36253221,"Sohni Golf View Apartments, Gulshan-e-Roomi, Faisal Cantonment, Cantt, Karachi, Sindh",Flat,For Sale,194,3,4,16000000
43386242,"Garden West, Karachi, Sindh",Flat,For Sale,128,3,3,13500000
43916166,"Korangi Road, Korangi, Karachi, Sindh",Flat,For Sale,83,2,2,3700000
42406442,"Bufferzone - Sector 15-A/4, Buffer Zone, North Karachi, Karachi, Sindh",House,For Sale,120,2,2,20500000
42003111,"Rahat Commercial Area, DHA Phase 6, DHA Defence, Karachi, Sindh",Flat,For Sale,233,3,4,23500000
45152618,"DHA Phase 6, DHA Defence, Karachi, Sindh",House,For Sale,300,4,4,75000000
44435758,"Gulistan-e-Jauhar - Block 14, Gulistan-e-Jauhar, Karachi, Sindh",Lower Portion,For Sale,350,3,3,26000000
36253161,"Tulip Tower, Saadi Road, Karachi, Sindh",Flat,For Sale,400,4,6,27000000
40479533,"Askari 5, Malir Cantonment, Cantt, Karachi, Sindh",Flat,For Sale,289,3,3,35500000
44663177,"Gulistan-e-Jauhar - Block 10, Gulistan-e-Jauhar, Karachi, Sindh",Flat,For Sale,300,4,4,18500000
45154806,"Gulistan-e-Jauhar - Block 3-A, Gulistan-e-Jauhar, Karachi, Sindh",Flat,For Sale,244,4,4,19900000
44273939,"Lateef Duplex Luxuria, Scheme 33 - Sector 35-A, Scheme 33, Karachi, Sindh",Flat,For Sale,300,4,5,22000000
43761370,"Shaheed Millat Road, Karachi, Sindh",Flat,For Sale,222,4,4,42500000
42950628,"Gulshan-e-Iqbal - Block 13/A, Gulshan-e-Iqbal, Gulshan-e-Iqbal Town, Karachi, Sindh",Flat,For Sale,194,4,4,16500000
44770398,"Creek Vista, DHA Phase 8, DHA Defence, Karachi, Sindh",Flat,For Sale,418,4,5,82500000
44149307,"Amil Colony, Karachi, Sindh",Flat,For Sale,211,4,4,42500000
45116538,"Gulistan-e-Jauhar - Block 3, Gulistan-e-Jauhar, Karachi, Sindh",Upper Portion,For Sale,400,4,4,32500000
45154877,"Gulistan-e-Jauhar - Block 14, Gulistan-e-Jauhar, Karachi, Sindh",House,For Sale,400,6,6,58500000
44643811,"Gulshan-e-Iqbal - Block 6, Gulshan-e-Iqbal, Gulshan-e-Iqbal Town, Karachi, Sindh",House,For Sale,400,7,6,79000000
43719889,"Gulistan-e-Jauhar - Block 2, Gulistan-e-Jauhar, Karachi, Sindh",House,For Sale,450,8,8,68500000
44518343,"Garden East, Jamshed Town, Karachi, Sindh",Flat,For Sale,200,4,4,36000000
44840950,"Bahria Paradise, Bahria Town Karachi, Karachi, Sindh",House,For Sale,500,5,5,46000000
45152504,"DHA Phase 6, DHA Defence, Karachi, Sindh",House,For Sale,500,5,5,155000000
45152585,"DHA Phase 6, DHA Defence, Karachi, Sindh",House,For Sale,500,5,5,105000000
45152603,"DHA Phase 6, DHA Defence, Karachi, Sindh",House,For Sale,500,5,5,130000000
43676030,"DHA Phase 8, DHA Defence, Karachi, Sindh",House,For Sale,500,6,6,110000000
45152536,"DHA Phase 6, DHA Defence, Karachi, Sindh",House,For Sale,500,5,5,105000000
44030258,"North Karachi, Karachi, Sindh",Flat,For Sale,70,2,2,3500000
43290512,"Gulistan-e-Jauhar - Block 14, Gulistan-e-Jauhar, Karachi, Sindh",House,For Sale,600,7,8,75000000
44411298,"Shaheed Millat Road, Karachi, Sindh",House,For Sale,302,6,6,90000000
45152080,"North Nazimabad - Block D, North Nazimabad, Karachi, Sindh",House,For Sale,200,6,6,55000000
44714256,"Clifton - Block 3, Clifton, Karachi, Sindh",Flat,For Sale,200,3,3,27500000
43892113,"Muslim Commercial Area, DHA Phase 6, DHA Defence, Karachi, Sindh",Flat,For Sale,111,2,3,9500000
44635336,"Gulistan-e-Jauhar - Block 16, Gulistan-e-Jauhar, Karachi, Sindh",Flat,For Sale,111,2,2,8200000
37459267,"Clifton - Block 2, Clifton, Karachi, Sindh",Flat,For Sale,200,3,3,21000000
45154934,"Bahria Town - Precinct 11-A, Bahria Town - Precinct 11, Bahria Town Karachi, Karachi, Sindh",House,For Sale,200,3,4,17000000
44529365,"Bukhari Commercial Area, DHA Phase 6, DHA Defence, Karachi, Sindh",Flat,For Sale,144,3,3,18000000
39093704,"Gulshan-e-Iqbal - Block 2, Gulshan-e-Iqbal, Gulshan-e-Iqbal Town, Karachi, Sindh",Flat,For Sale,133,2,2,16000000
27359086,"Federal B Area - Block 8, Federal B Area, Karachi, Sindh",Flat,For Sale,178,3,4,16000000
44774806,"Gulistan-e-Jauhar - Block 14, Gulistan-e-Jauhar, Karachi, Sindh",Flat,For Sale,167,3,3,21000000
26583041,"Gulshan-e-Iqbal - Block 2, Gulshan-e-Iqbal, Gulshan-e-Iqbal Town, Karachi, Sindh",Flat,For Sale,122,2,2,15000000
45152538,"North Karachi - Sector 11-C/2, North Karachi, Karachi, Sindh",House,For Sale,170,6,6,27500000
44819457,"PECHS Block 3, PECHS, Jamshed Town, Karachi, Sindh",House,For Sale,225,5,5,90000000
43558300,"Muslim Commercial Area, DHA Phase 6, DHA Defence, Karachi, Sindh",Flat,For Sale,56,4,2,5600000
43969386,"Saima Arabian Villas, Gadap Town, Karachi, Sindh",House,For Sale,120,2,2,11900000
44762387,"Gulistan-e-Jauhar - Block 15, Gulistan-e-Jauhar, Karachi, Sindh",Flat,For Sale,150,3,3,9800000
41987954,"Gulshan-e-Iqbal - Block 3, Gulshan-e-Iqbal, Gulshan-e-Iqbal Town, Karachi, Sindh",Flat,For Sale,78,2,2,8000000
45152086,"North Nazimabad - Block H, North Nazimabad, Karachi, Sindh",Flat,For Sale,156,3,3,17500000
43790000,"Korangi, Karachi, Sindh",Flat,For Sale,83,2,2,3700000
44535988,"Korangi Creek Cantonment, Korangi, Karachi, Sindh",Flat,For Sale,83,2,2,3800000
43916123,"Korangi, Karachi, Sindh",Flat,For Sale,83,2,2,3800000
43961440,"Korangi Industrial Area, Korangi, Karachi, Sindh",Flat,For Sale,83,2,2,3800000
44026874,"Korangi, Karachi, Sindh",Flat,For Sale,83,2,2,3700000
45154985,"Gulshan-e-Iqbal - Block 13/D-1, Gulshan-e-Iqbal, Gulshan-e-Iqbal Town, Karachi, Sindh",Flat,For Sale,78,2,2,5000000
45153778,"DHA Phase 6, DHA Defence, Karachi, Sindh",House,For Sale,425,4,5,90000000
45153829,"DHA Phase 6, DHA Defence, Karachi, Sindh",House,For Sale,500,5,6,95000000
40402866,"DHA Phase 4, DHA Defence, Karachi, Sindh",House,For Sale,300,6,6,70000000
41052222,"DHA Phase 7, DHA Defence, Karachi, Sindh",House,For Sale,1000,6,7,260000000
41776043,"DHA Phase 6, DHA Defence, Karachi, Sindh",House,For Sale,666,5,5,170000000
45152067,"North Nazimabad - Block I, North Nazimabad, Karachi, Sindh",House,For Sale,200,6,6,36000000
41020751,"Amil Colony, Karachi, Sindh",Flat,For Sale,289,5,5,50000000
44305510,"Garden West, Karachi, Sindh",Flat,For Sale,111,2,2,13500000
43935984,"Cosmopolitan Society, Karachi, Sindh",Flat,For Sale,167,3,3,31000000
44501401,"Garden West, Karachi, Sindh",Flat,For Sale,211,4,5,25000000
43521859,"Clifton - Block 4, Clifton, Karachi, Sindh",Flat,For Sale,122,4,2,13500000
45152233,"Shaheed Millat Road, Karachi, Sindh",Flat,For Sale,183,3,4,45000000
45152432,"Noman Residencia, Scheme 33, Karachi, Sindh",Flat,For Sale,122,2,2,8000000
42441928,"Gwalior Cooperative Housing Society, Scheme 33, Karachi, Sindh",Flat,For Sale,100,3,3,7800000
45152733,"DHA Phase 7, DHA Defence, Karachi, Sindh",House,For Sale,500,4,4,97500000
40441770,"Muslim Commercial Area, DHA Phase 6, DHA Defence, Karachi, Sindh",Flat,For Sale,56,4,2,6500000
45152078,"North Nazimabad - Block N, North Nazimabad, Karachi, Sindh",House,For Sale,400,6,6,55000000
44241519,"Shaheed Millat Road, Karachi, Sindh",Flat,For Sale,111,2,2,16500000
45154935,"Bahria Town - Precinct 27, Bahria Town Karachi, Karachi, Sindh",House,For Sale,235,3,4,16000000
45152187,"North Nazimabad - Block J, North Nazimabad, Karachi, Sindh",House,For Sale,200,5,5,40000000
45078897,"Bahria Apartments, Bahria Town Karachi, Karachi, Sindh",Flat,For Sale,106,2,2,7500000
44819316,"PECHS Block 6, PECHS, Jamshed Town, Karachi, Sindh",House,For Sale,266,6,6,80000000
45152955,"Anwar-e-Ibrahim, Malir, Karachi, Sindh",House,For Sale,80,6,5,11000000
45153264,"Ilyas Goth, Korangi, Karachi, Sindh",House,For Sale,40,1,1,1600000
45153516,"Ilyas Goth, Korangi, Karachi, Sindh",House,For Sale,80,3,2,3000000
45152075,"North Nazimabad - Block K, North Nazimabad, Karachi, Sindh",Flat,For Sale,106,2,2,6500000
43942635,"Navy Housing Scheme Karsaz - Phase 2, Navy Housing Scheme Karsaz, Karachi, Sindh",House,For Sale,500,6,6,230000000
40276421,"Askari 5 - Sector J, Askari 5, Malir Cantonment, Cantt, Karachi, Sindh",House,For Sale,375,5,7,62000000
45152072,"North Nazimabad - Block K, North Nazimabad, Karachi, Sindh",Flat,For Sale,133,2,2,8000000
45153167,"PECHS Block 6, PECHS, Jamshed Town, Karachi, Sindh",Flat,For Sale,200,3,3,45000000
42951138,"DHA Phase 7, DHA Defence, Karachi, Sindh",House,For Sale,300,4,5,79000000
44561840,"DHA Phase 7, DHA Defence, Karachi, Sindh",House,For Sale,300,5,5,87500000
43363611,"Gulshan-e-Kaneez Fatima - Block 1, Gulshan-e-Kaneez Fatima, Scheme 33, Karachi, Sindh",Flat,For Sale,200,3,3,14000000
45152084,"North Nazimabad - Block M, North Nazimabad, Karachi, Sindh",Flat,For Sale,111,2,2,11000000
45152675,"Sohni Golf View Apartments, Gulshan-e-Roomi, Faisal Cantonment, Cantt, Karachi, Sindh",Flat,For Sale,172,3,3,19900000
44569783,"Ittehad Commercial Area, DHA Phase 6, DHA Defence, Karachi, Sindh",Flat,For Sale,200,3,3,34000000
44569551,"Ittehad Commercial Area, DHA Phase 6, DHA Defence, Karachi, Sindh",Flat,For Sale,200,3,3,34000000
44569841,"Ittehad Commercial Area, DHA Phase 6, DHA Defence, Karachi, Sindh",Flat,For Sale,200,3,3,34000000
44569895,"Ittehad Commercial Area, DHA Phase 6, DHA Defence, Karachi, Sindh",Flat,For Sale,200,3,3,34000000
45154356,"Kashmir Road, Karachi, Sindh",Upper Portion,For Sale,200,4,4,45000000
45154222,"PECHS Block 2, PECHS, Jamshed Town, Karachi, Sindh",Upper Portion,For Sale,189,3,3,36000000
45154332,"PECHS Block 2, PECHS, Jamshed Town, Karachi, Sindh",Upper Portion,For Sale,200,4,4,47500000
45154375,"PECHS, Jamshed Town, Karachi, Sindh",Lower Portion,For Sale,200,4,4,46500000
45154236,"PECHS, Jamshed Town, Karachi, Sindh",Upper Portion,For Sale,189,3,3,37500000
45154966,"North Town Residency, Surjani Town, Gadap Town, Karachi, Sindh",Flat,For Sale,70,2,2,3500000
45152894,"DHA Defence, Karachi, Sindh",Flat,For Sale,106,2,2,11000000
44937926,"Gulistan-e-Jauhar - Block 14, Gulistan-e-Jauhar, Karachi, Sindh",Lower Portion,For Sale,300,3,3,19500000
42466836,"DHA Phase 8, DHA Defence, Karachi, Sindh",House,For Sale,1000,6,6,195000000
45152268,"DHA Phase 6, DHA Defence, Karachi, Sindh",House,For Sale,1000,6,6,205000000
45154963,"Sharifabad, Liaquatabad, Karachi, Sindh",Upper Portion,For Sale,140,2,2,8500000
44413149,"Gulistan-e-Jauhar - Block 2, Gulistan-e-Jauhar, Karachi, Sindh",Lower Portion,For Sale,240,3,3,25000000
44917633,"Bahria Town - Precinct 35, Bahria Sports City, Bahria Town Karachi, Karachi, Sindh",House,For Sale,350,4,5,21200000
45152085,"North Nazimabad - Block H, North Nazimabad, Karachi, Sindh",Flat,For Sale,167,3,3,18000000
45152093,"Naya Nazimabad - Block C, Naya Nazimabad, Karachi, Sindh",House,For Sale,240,6,6,46000000
45152079,"North Nazimabad - Block N, North Nazimabad, Karachi, Sindh",House,For Sale,600,6,6,65000000
45152083,"North Nazimabad - Block I, North Nazimabad, Karachi, Sindh",House,For Sale,600,7,4,90000000
45152074,"North Nazimabad - Block L, North Nazimabad, Karachi, Sindh",Flat,For Sale,106,2,2,8000000
45152082,"North Nazimabad - Block H, North Nazimabad, Karachi, Sindh",House,For Sale,233,7,8,57500000
45152071,"North Nazimabad - Block M, North Nazimabad, Karachi, Sindh",Flat,For Sale,161,3,3,14000000
45152073,"North Nazimabad - Block L, North Nazimabad, Karachi, Sindh",Flat,For Sale,150,3,3,10200000
45152077,"North Nazimabad - Block L, North Nazimabad, Karachi, Sindh",House,For Sale,200,7,6,50000000
45152081,"North Nazimabad - Block D, North Nazimabad, Karachi, Sindh",House,For Sale,200,6,6,40000000
43675967,"DHA Phase 8, DHA Defence, Karachi, Sindh",House,For Sale,500,6,6,110000000
45152801,"Bahria Town - Precinct 27, Bahria Town Karachi, Karachi, Sindh",House,For Sale,235,3,3,17000000
45152806,"Bahria Town - Precinct 31, Bahria Town Karachi, Karachi, Sindh",House,For Sale,235,3,3,15600000
40601944,"Askari 5 - Sector J, Askari 5, Malir Cantonment, Cantt, Karachi, Sindh",House,For Sale,375,5,5,62000000
41780553,"Rufi Greenland, Scheme 33, Karachi, Sindh",House,For Sale,200,6,8,30000000
44766140,"Gulistan-e-Jauhar - Block 13, Gulistan-e-Jauhar, Karachi, Sindh",Flat,For Sale,72,2,2,7000000
45152668,"North Nazimabad - Block B, North Nazimabad, Karachi, Sindh",Flat,For Sale,222,3,4,17200000
45152070,"Shadman Town - Sector-14/B, Shadman, North Nazimabad, Karachi, Sindh",House,For Sale,240,3,3,35000000
43675337,"Sehar Commercial Area, DHA Phase 7, DHA Defence, Karachi, Sindh",Flat,For Sale,122,3,3,16000000
45152671,"DHA Phase 4, DHA Defence, Karachi, Sindh",House,For Sale,500,5,5,135000000
45041985,"Bagh-e-Malir, Shah Faisal Town, Karachi, Sindh",House,For Sale,80,4,4,14000000
45152076,"North Nazimabad - Block J, North Nazimabad, Karachi, Sindh",House,For Sale,200,6,6,50000000
45031579,"Falcon Complex New Malir, Malir, Karachi, Sindh",House,For Sale,500,5,6,117500000
39014099,"Clifton - Block 8, Clifton, Karachi, Sindh",House,For Sale,350,4,5,87500000
44305680,"Al-Hilal Society, Karachi, Sindh",House,For Sale,200,8,6,55000000
45152069,"Shadman Town - Sector-14/B, Shadman, North Nazimabad, Karachi, Sindh",House,For Sale,120,6,6,24000000
44791389,"Creek Vista, DHA Phase 8, DHA Defence, Karachi, Sindh",Flat,For Sale,417,4,5,82500000
45152764,"Bahria Apartments, Bahria Town Karachi, Karachi, Sindh",Flat,For Sale,250,3,3,19500000
45152748,"Bahria Apartments, Bahria Town Karachi, Karachi, Sindh",Flat,For Sale,106,2,2,8500000
45152708,"Bahria Sports City, Bahria Town Karachi, Karachi, Sindh",House,For Sale,350,4,4,21500000
45152732,"Bahria Paradise, Bahria Town Karachi, Karachi, Sindh",House,For Sale,500,5,5,47000000
45152908,"Bahria Town - Ali Block, Bahria Town - Precinct 12, Bahria Town Karachi, Karachi, Sindh",House,For Sale,125,3,3,15000000
45152903,"Bahria Town - Precinct 11-B, Bahria Town - Precinct 11, Bahria Town Karachi, Karachi, Sindh",House,For Sale,125,3,3,15000000
40848414,"DHA Phase 7, DHA Defence, Karachi, Sindh",House,For Sale,500,5,6,105000000
44276437,"Gulshan-e-Iqbal - Block 10, Gulshan-e-Iqbal, Gulshan-e-Iqbal Town, Karachi, Sindh",Flat,For Sale,167,3,3,18500000
45155009,"North Nazimabad - Block H, North Nazimabad, Karachi, Sindh",Upper Portion,For Sale,240,3,3,23000000
44456601,"North Karachi, Karachi, Sindh",House,For Sale,100,6,4,11000000
19843520,"Civil Lines, Karachi, Sindh",Flat,For Rent,167,2,2,75000
20039912,"Navy Housing Scheme Karsaz, Karachi, Sindh",Flat,For Rent,467,5,7,225000
25250854,"Tricon Tower, Bath Island, Karachi, Sindh",Flat,For Rent,244,3,4,150000
26021470,"Clifton, Karachi, Sindh",Flat,For Rent,278,4,4,160000
31450255,"Khaliq-uz-Zaman Road, Karachi, Sindh",Flat,For Rent,244,3,3,125000
34074312,"Saima Presidency, Malir Cantonment, Cantt, Karachi, Sindh",Flat,For Rent,178,3,3,62000
35781536,"Clifton, Karachi, Sindh",Flat,For Rent,222,3,4,130000
38509624,"Emaar Pearl Towers, Emaar Crescent Bay, DHA Phase 8, DHA Defence, Karachi, Sindh",Flat,For Rent,407,4,4,300000
38807290,"Emaar Crescent Bay, DHA Phase 8, DHA Defence, Karachi, Sindh",Flat,For Rent,178,2,3,150000
39867407,"DHA Phase 8, DHA Defence, Karachi, Sindh",Flat,For Rent,133,3,3,110000
39898377,"Creek Vista, DHA Phase 8, DHA Defence, Karachi, Sindh",Flat,For Rent,411,3,4,225000
40078858,"Lakhani Fantasia, Scheme 33, Karachi, Sindh",Flat,For Rent,50,1,1,18000
41219853,"Navy Housing Scheme Karsaz, Karachi, Sindh",Flat,For Rent,511,5,5,195000
41443902,"Clifton, Karachi, Sindh",Flat,For Rent,222,3,4,150000
42110357,"Askari 5, Malir Cantonment, Cantt, Karachi, Sindh",Flat,For Rent,286,3,3,85000
42140507,"Hill Park, Karachi, Sindh",Flat,For Rent,161,3,-,95000
42302888,"Navy Housing Scheme Karsaz, Karachi, Sindh",Flat,For Rent,400,5,5,225000
42955047,"Askari 5 - Sector J, Askari 5, Malir Cantonment, Cantt, Karachi, Sindh",Flat,For Rent,300,3,3,85000
43067096,"Emaar Pearl Towers, Emaar Crescent Bay, DHA Phase 8, DHA Defence, Karachi, Sindh",Flat,For Rent,272,3,5,175000
43238309,"Gulshan-e-Iqbal - Block 1, Gulshan-e-Iqbal, Gulshan-e-Iqbal Town, Karachi, Sindh",Flat,For Rent,156,3,3,64000
43249334,"Emaar Reef Towers, Emaar Crescent Bay, DHA Phase 8, DHA Defence, Karachi, Sindh",Flat,For Rent,182,2,3,175000
43489686,"Lakhani Fantasia, Scheme 33, Karachi, Sindh",Flat,For Rent,83,2,2,22000
43553870,"Askari 5 - Sector J, Askari 5, Malir Cantonment, Cantt, Karachi, Sindh",Flat,For Rent,289,3,4,80000
43553872,"Askari 5 - Sector J, Askari 5, Malir Cantonment, Cantt, Karachi, Sindh",Flat,For Rent,289,3,4,80000
43555155,"Clifton - Block 6, Clifton, Karachi, Sindh",Flat,For Rent,311,3,4,210000
43627905,"Lakhani Fantasia, Scheme 33, Karachi, Sindh",Flat,For Rent,117,2,2,27000
43635305,"Bahria Town - Precinct 19, Bahria Town Karachi, Karachi, Sindh",Flat,For Rent,106,2,2,25000
43683346,"Emaar Reef Towers, Emaar Crescent Bay, DHA Phase 8, DHA Defence, Karachi, Sindh",Flat,For Rent,272,3,5,190000
43844415,"Creek Vista, DHA Phase 8, DHA Defence, Karachi, Sindh",Flat,For Rent,356,3,4,200000
43864952,"Clifton - Block 8, Clifton, Karachi, Sindh",Flat,For Rent,222,4,4,130000
44064936,"Clifton - Block 8, Clifton, Karachi, Sindh",Flat,For Rent,200,3,3,140000
44138468,"Bath Island, Karachi, Sindh",Flat,For Rent,278,4,4,195000
44146174,"Tariq Road, Karachi, Sindh",Flat,For Rent,139,2,3,90000
44169981,"Askari 5 - Sector J, Askari 5, Malir Cantonment, Cantt, Karachi, Sindh",Flat,For Rent,306,3,3,80000
44246809,"Badar Commercial Area, DHA Phase 5, DHA Defence, Karachi, Sindh",Flat,For Rent,122,2,3,60000
44250322,"Khalid Bin Walid Road, Karachi, Sindh",Flat,For Rent,200,3,3,110000
44252085,"Khalid Bin Walid Road, Karachi, Sindh",Flat,For Rent,200,3,4,125000
44305129,"Tariq Road, Karachi, Sindh",Flat,For Rent,250,4,5,160000
44322988,"Clifton - Block 2, Clifton, Karachi, Sindh",Flat,For Rent,200,3,3,65000
44325282,"Creek Vista, DHA Phase 8, DHA Defence, Karachi, Sindh",Flat,For Rent,422,3,4,300000
44417555,"Gulistan-e-Jauhar - Block 7, Gulistan-e-Jauhar, Karachi, Sindh",Flat,For Rent,267,4,5,72500
44417598,"Gulistan-e-Jauhar - Block 7, Gulistan-e-Jauhar, Karachi, Sindh",Flat,For Rent,267,4,5,75000
44429340,"Frere Town, Karachi, Sindh",Flat,For Rent,200,3,4,150000
44431824,"Bath Island, Karachi, Sindh",Flat,For Rent,133,2,2,60000
44470778,"Emaar Crescent Bay, DHA Phase 8, DHA Defence, Karachi, Sindh",Flat,For Rent,180,2,4,180000
44472845,"Emaar Crescent Bay, DHA Phase 8, DHA Defence, Karachi, Sindh",Flat,For Rent,292,4,6,341000
44474182,"Askari 5 - Sector J, Askari 5, Malir Cantonment, Cantt, Karachi, Sindh",Flat,For Rent,300,3,3,88000
44485789,"Askari 5 - Sector J, Askari 5, Malir Cantonment, Cantt, Karachi, Sindh",Flat,For Rent,300,3,3,85000
44490945,"Emaar Ocean Front, DHA Phase 8, DHA Defence, Karachi, Sindh",Flat,For Rent,243,3,5,190000
44501285,"Emaar Coral Towers, Emaar Crescent Bay, DHA Phase 8, DHA Defence, Karachi, Sindh",Flat,For Rent,214,3,5,350000
44502556,"DHA Phase 6, DHA Defence, Karachi, Sindh",Flat,For Rent,100,2,2,50000
44517526,"DHA Phase 5, DHA Defence, Karachi, Sindh",Flat,For Rent,244,3,3,80000
44548538,"Emaar Coral Towers, Emaar Crescent Bay, DHA Phase 8, DHA Defence, Karachi, Sindh",Flat,For Rent,311,3,4,170000
44548915,"Emaar Pearl Towers, Emaar Crescent Bay, DHA Phase 8, DHA Defence, Karachi, Sindh",Flat,For Rent,243,3,4,170000
44550856,"Clifton - Block 2, Clifton, Karachi, Sindh",Flat,For Rent,272,3,3,150000
44556212,"Tariq Road, Karachi, Sindh",Flat,For Rent,194,3,4,135000
44581029,"Emaar Coral Towers, Emaar Crescent Bay, DHA Phase 8, DHA Defence, Karachi, Sindh",Flat,For Rent,167,2,2,150000
44597374,"Emaar Coral Towers, Emaar Crescent Bay, DHA Phase 8, DHA Defence, Karachi, Sindh",Flat,For Rent,182,2,3,140000
44617947,"DHA Phase 6, DHA Defence, Karachi, Sindh",Flat,For Rent,50,2,2,70000
44619859,"Bath Island, Karachi, Sindh",Flat,For Rent,206,3,3,170000
44629813,"Saima Jinnah Avenue, Malir, Karachi, Sindh",Flat,For Rent,244,3,4,76000
44655636,"Saima Jinnah Avenue, Malir, Karachi, Sindh",Flat,For Rent,244,3,4,76000
44659732,"Civil Lines, Karachi, Sindh",Flat,For Rent,188,3,3,130000
44669368,"Emaar Reef Towers, Emaar Crescent Bay, DHA Phase 8, DHA Defence, Karachi, Sindh",Flat,For Rent,278,3,4,175000
44677696,"Creek Vista, DHA Phase 8, DHA Defence, Karachi, Sindh",Flat,For Rent,356,3,4,180000
44683321,"Bukhari Commercial Area, DHA Phase 6, DHA Defence, Karachi, Sindh",Flat,For Rent,128,3,4,60000
44691707,"Badar Commercial Area, DHA Phase 5, DHA Defence, Karachi, Sindh",Flat,For Rent,113,2,2,48000
44714159,"Badar Commercial Area, DHA Phase 5, DHA Defence, Karachi, Sindh",Flat,For Rent,100,2,2,35000
44727072,"Emaar Reef Towers, Emaar Crescent Bay, DHA Phase 8, DHA Defence, Karachi, Sindh",Flat,For Rent,243,3,5,250000
44751858,"Emaar Coral Towers, Emaar Crescent Bay, DHA Phase 8, DHA Defence, Karachi, Sindh",Flat,For Rent,233,3,5,280000
44752231,"Emaar Pearl Towers, Emaar Crescent Bay, DHA Phase 8, DHA Defence, Karachi, Sindh",Flat,For Rent,180,2,4,180000
44758866,"Khalid Bin Walid Road, Karachi, Sindh",Flat,For Rent,189,3,3,75000
44767783,"Clifton - Block 4, Clifton, Karachi, Sindh",Flat,For Rent,300,4,5,185000
44768095,"Bath Island, Karachi, Sindh",Flat,For Rent,267,4,5,200000
44773990,"Emaar Pearl Towers, Emaar Crescent Bay, DHA Phase 8, DHA Defence, Karachi, Sindh",Flat,For Rent,272,3,4,180000
44775238,"Emaar Coral Towers, Emaar Crescent Bay, DHA Phase 8, DHA Defence, Karachi, Sindh",Flat,For Rent,243,3,4,170000
44775407,"Emaar Reef Towers, Emaar Crescent Bay, DHA Phase 8, DHA Defence, Karachi, Sindh",Flat,For Rent,292,4,5,350000
44785163,"Emaar Reef Towers, Emaar Crescent Bay, DHA Phase 8, DHA Defence, Karachi, Sindh",Flat,For Rent,182,2,3,175000
44786275,"Creek Vista, DHA Phase 8, DHA Defence, Karachi, Sindh",Flat,For Rent,361,3,4,175000
44790597,"Emaar Crescent Bay, DHA Phase 8, DHA Defence, Karachi, Sindh",Flat,For Rent,222,2,2,350000
44796421,"DHA Phase 2 Extension, DHA Defence, Karachi, Sindh",Flat,For Rent,100,2,2,35010
44807639,"Civil Lines, Karachi, Sindh",Flat,For Rent,289,4,5,160000
44811808,"Bahria Apartments, Bahria Town Karachi, Karachi, Sindh",Flat,For Rent,250,3,3,48000
44811849,"DHA Phase 6, DHA Defence, Karachi, Sindh",Flat,For Rent,50,-,2,50000
44824291,"Askari 5, Malir Cantonment, Cantt, Karachi, Sindh",Flat,For Rent,289,3,3,90000
44832826,"Civil Lines, Karachi, Sindh",Flat,For Rent,200,3,3,110000
44834439,"DHA Phase 6, DHA Defence, Karachi, Sindh",Flat,For Rent,50,2,2,27000
44835073,"Clifton - Block 2, Clifton, Karachi, Sindh",Flat,For Rent,200,3,3,65000
44835137,"Clifton - Block 2, Clifton, Karachi, Sindh",Flat,For Rent,200,3,3,70000
44836382,"Nazimabad, Karachi, Sindh",Flat,For Rent,167,3,3,45000
44836787,"Clifton - Block 3, Clifton, Karachi, Sindh",Flat,For Rent,183,3,3,80000
20410232,"Navy Housing Scheme Zamzama, Zamzama, Karachi, Sindh",House,For Rent,350,4,4,500000
20483503,"Navy Housing Scheme Karsaz, Karachi, Sindh",House,For Rent,350,5,5,260000
20483534,"Navy Housing Scheme Karsaz, Karachi, Sindh",House,For Rent,350,5,5,254999
28668627,"KN Gohar Green City, Shahra-e-Faisal, Karachi, Sindh",House,For Rent,120,3,3,47000
31239384,"Gohar Green City, Karachi, Sindh",House,For Rent,120,2,2,35000
37196582,"Askari 5 - Sector J, Askari 5, Malir Cantonment, Cantt, Karachi, Sindh",House,For Rent,375,5,5,150000
37851829,"Navy Housing Scheme Zamzama, Zamzama, Karachi, Sindh",House,For Rent,1600,5,5,1500000
40227374,"Falcon Complex New Malir, Malir, Karachi, Sindh",House,For Rent,500,2,3,160000
40931409,"DHA Phase 5, DHA Defence, Karachi, Sindh",House,For Rent,666,6,7,500000
41887649,"DHA Phase 6, DHA Defence, Karachi, Sindh",House,For Rent,500,5,6,300000
42427496,"Navy Housing Scheme Karsaz, Karachi, Sindh",House,For Rent,350,5,5,250000
42603260,"DHA Phase 8, DHA Defence, Karachi, Sindh",House,For Rent,1000,6,6,900000
42720109,"Clifton - Block 5, Clifton, Karachi, Sindh",House,For Rent,250,4,4,190000
42795894,"DHA Phase 2, DHA Defence, Karachi, Sindh",House,For Rent,1000,4,5,400000
43324159,"DHA Phase 5, DHA Defence, Karachi, Sindh",House,For Rent,1000,5,6,600000
43726886,"Askari 5 - Sector J, Askari 5, Malir Cantonment, Cantt, Karachi, Sindh",House,For Rent,375,5,6,145000
43726960,"Askari 5 - Sector J, Askari 5, Malir Cantonment, Cantt, Karachi, Sindh",House,For Rent,375,5,6,145000
43783392,"Navy Housing Scheme Karsaz, Karachi, Sindh",House,For Rent,350,5,5,260000
44013400,"DHA Phase 4, DHA Defence, Karachi, Sindh",House,For Rent,300,4,5,250000
44100519,"DHA Phase 8, DHA Defence, Karachi, Sindh",House,For Rent,1000,6,6,700000
44110886,"DHA Phase 4, DHA Defence, Karachi, Sindh",House,For Rent,300,4,5,200000
44170062,"Askari 5 - Sector J, Askari 5, Malir Cantonment, Cantt, Karachi, Sindh",House,For Rent,375,5,5,140000
44170065,"Askari 5 - Sector J, Askari 5, Malir Cantonment, Cantt, Karachi, Sindh",House,For Rent,375,5,5,140000
44170072,"Askari 5 - Sector J, Askari 5, Malir Cantonment, Cantt, Karachi, Sindh",House,For Rent,375,5,5,145000
44201147,"DHA Phase 8, DHA Defence, Karachi, Sindh",House,For Rent,500,6,6,400000
44214621,"Shahra-e-Faisal, Karachi, Sindh",House,For Rent,240,4,4,300000
44281324,"Falcon Complex New Malir, Malir, Karachi, Sindh",House,For Rent,500,6,7,240000
44371748,"DHA Phase 7 Extension, DHA Defence, Karachi, Sindh",House,For Rent,300,4,5,250000
44376708,"Askari 5 - Sector G, Askari 5, Malir Cantonment, Cantt, Karachi, Sindh",House,For Rent,500,5,5,160000
44460563,"DHA Phase 7, DHA Defence, Karachi, Sindh",House,For Rent,300,4,6,240000
44474295,"Askari 5 - Sector J, Askari 5, Malir Cantonment, Cantt, Karachi, Sindh",House,For Rent,375,5,5,150000
44507680,"DHA Phase 6, DHA Defence, Karachi, Sindh",House,For Rent,1000,7,8,650000
44507924,"DHA Phase 6, DHA Defence, Karachi, Sindh",House,For Rent,300,4,5,225000
44519870,"DHA Phase 8, DHA Defence, Karachi, Sindh",House,For Rent,100,4,4,160000
44540861,"DHA Phase 4, DHA Defence, Karachi, Sindh",House,For Rent,350,5,6,190000
44554058,"DHA Phase 6, DHA Defence, Karachi, Sindh",House,For Rent,649,5,5,625000
44637137,"DHA Phase 6, DHA Defence, Karachi, Sindh",House,For Rent,1000,5,5,450000
44643278,"DHA Phase 5, DHA Defence, Karachi, Sindh",House,For Rent,1000,8,6,375000
44643470,"DHA Phase 8, DHA Defence, Karachi, Sindh",House,For Rent,500,6,6,350000
44643552,"DHA Phase 6, DHA Defence, Karachi, Sindh",House,For Rent,500,6,6,550000
44685780,"DHA Phase 6, DHA Defence, Karachi, Sindh",House,For Rent,500,5,5,370000
44695709,"DHA Phase 4, DHA Defence, Karachi, Sindh",House,For Rent,300,4,4,250000
44695892,"Defence View Phase 1, Defence View Society, Karachi, Sindh",House,For Rent,120,3,3,110000
44703528,"DHA Phase 8, DHA Defence, Karachi, Sindh",House,For Rent,1000,6,6,1000000
44706307,"DHA Phase 6, DHA Defence, Karachi, Sindh",House,For Rent,500,5,6,375000
44718708,"DHA Phase 5, DHA Defence, Karachi, Sindh",House,For Rent,500,4,5,250000
44736760,"DHA Phase 5, DHA Defence, Karachi, Sindh",House,For Rent,560,4,4,200000
44756612,"DHA Phase 5, DHA Defence, Karachi, Sindh",House,For Rent,500,5,6,450000
44768906,"DHA Phase 8, DHA Defence, Karachi, Sindh",House,For Rent,100,3,4,140000
44769427,"Saima Presidency, Malir Cantonment, Cantt, Karachi, Sindh",House,For Rent,267,-,-,65000
44773773,"DHA Phase 6, DHA Defence, Karachi, Sindh",House,For Rent,500,6,6,310000
44781102,"DHA Phase 5, DHA Defence, Karachi, Sindh",House,For Rent,500,4,4,350000
44782842,"Saima Elite Villas, Malir, Karachi, Sindh",House,For Rent,120,3,3,50000
44793709,"DHA Phase 8, DHA Defence, Karachi, Sindh",House,For Rent,1000,7,6,1000000
44797203,"Navy Housing Scheme Karsaz, Karachi, Sindh",House,For Rent,350,5,6,250000
44811807,"Bahria Paradise, Bahria Town Karachi, Karachi, Sindh",House,For Rent,500,5,5,120000
44811809,"Bahria Town - Quaid Villas, Bahria Town - Precinct 2, Bahria Town Karachi, Karachi, Sindh",House,For Rent,200,3,3,60000
44828323,"DHA Phase 8, DHA Defence, Karachi, Sindh",House,For Rent,500,6,6,400000
44833529,"DHA Phase 6, DHA Defence, Karachi, Sindh",House,For Rent,500,5,5,500000
44833594,"Bahria Town - Ali Block, Bahria Town - Precinct 12, Bahria Town Karachi, Karachi, Sindh",House,For Rent,125,3,3,30000
44834828,"Bahria Town - Precinct 10-A, Bahria Town Karachi, Karachi, Sindh",House,For Rent,200,3,4,30000
44835064,"Saima Elite Villas, Malir, Karachi, Sindh",House,For Rent,120,3,3,50000
44835241,"DHA Phase 2 Extension, DHA Defence, Karachi, Sindh",House,For Rent,1000,6,6,250000
44835372,"Bahria Town - Precinct 8, Bahria Town Karachi, Karachi, Sindh",House,For Rent,272,5,5,90000
44835386,"Bahria Town - Precinct 10-A, Bahria Town Karachi, Karachi, Sindh",House,For Rent,200,3,3,40000
44835393,"Bahria Town - Precinct 11-A, Bahria Town - Precinct 11, Bahria Town Karachi, Karachi, Sindh",House,For Rent,200,3,3,39000
44835410,"Bahria Town - Precinct 11-A, Bahria Town - Precinct 11, Bahria Town Karachi, Karachi, Sindh",House,For Rent,152,3,3,35000
44835555,"Bahria Town - Precinct 11-A, Bahria Town - Precinct 11, Bahria Town Karachi, Karachi, Sindh",House,For Rent,152,3,3,45000
44835566,"Bahria Town - Precinct 11-B, Bahria Town - Precinct 11, Bahria Town Karachi, Karachi, Sindh",House,For Rent,152,3,3,40000
42357481,"DHA Phase 8, DHA Defence, Karachi, Sindh",Lower Portion,For Rent,500,3,4,160000
44162851,"DHA Phase 8, DHA Defence, Karachi, Sindh",Lower Portion,For Rent,500,3,4,160000
44695163,"DHA Phase 7, DHA Defence, Karachi, Sindh",Lower Portion,For Rent,300,2,2,110000
44736677,"DHA Phase 8, DHA Defence, Karachi, Sindh",Lower Portion,For Rent,500,3,3,200000
44737927,"Gulshan-e-Iqbal - Block 1, Gulshan-e-Iqbal, Gulshan-e-Iqbal Town, Karachi, Sindh",Lower Portion,For Rent,120,2,2,52000
44771130,"DHA Phase 8, DHA Defence, Karachi, Sindh",Lower Portion,For Rent,500,3,4,200000
44787572,"DHA Phase 8, DHA Defence, Karachi, Sindh",Lower Portion,For Rent,500,3,2,160000
44806931,"DHA Phase 8, DHA Defence, Karachi, Sindh",Lower Portion,For Rent,500,3,4,160000
40482491,"DHA Phase 7, DHA Defence, Karachi, Sindh",Upper Portion,For Rent,600,4,4,150000
40574548,"DHA Phase 7, DHA Defence, Karachi, Sindh",Upper Portion,For Rent,500,3,3,130000
40574559,"DHA Phase 7, DHA Defence, Karachi, Sindh",Upper Portion,For Rent,500,3,3,140000
42764667,"DHA Phase 6, DHA Defence, Karachi, Sindh",Upper Portion,For Rent,666,4,5,140000
43248540,"DHA Phase 7, DHA Defence, Karachi, Sindh",Upper Portion,For Rent,500,3,3,140000
43697809,"Clifton - Block 4, Clifton, Karachi, Sindh",Upper Portion,For Rent,200,3,3,140000
43702472,"DHA Phase 8, DHA Defence, Karachi, Sindh",Upper Portion,For Rent,500,3,4,160000
43775834,"DHA Phase 6, DHA Defence, Karachi, Sindh",Upper Portion,For Rent,500,3,4,135000
44481324,"DHA Phase 6, DHA Defence, Karachi, Sindh",Upper Portion,For Rent,1500,3,5,180000
44532100,"DHA Phase 2, DHA Defence, Karachi, Sindh",Upper Portion,For Rent,1000,3,3,275000
44588188,"DHA Phase 6, DHA Defence, Karachi, Sindh",Upper Portion,For Rent,500,3,3,130000
44636157,"DHA Phase 8, DHA Defence, Karachi, Sindh",Upper Portion,For Rent,1000,3,6,200000
44695059,"DHA Phase 7, DHA Defence, Karachi, Sindh",Upper Portion,For Rent,300,3,3,130000
44695503,"DHA Phase 7, DHA Defence, Karachi, Sindh",Upper Portion,For Rent,500,4,4,150000
44696103,"DHA Phase 1, DHA Defence, Karachi, Sindh",Upper Portion,For Rent,500,3,3,130000
44736895,"DHA Phase 2, DHA Defence, Karachi, Sindh",Upper Portion,For Rent,250,1,2,75000
44833397,"Navy Housing Scheme Zamzama, Zamzama, Karachi, Sindh",Upper Portion,For Rent,500,3,4,265000
44835906,"DHA Phase 8, DHA Defence, Karachi, Sindh",Upper Portion,For Rent,500,3,4,170000
34013868,"Old Clifton, Karachi, Sindh",Flat,For Rent,311,3,5,270000
40827685,"North Nazimabad - Block J, North Nazimabad, Karachi, Sindh",Flat,For Rent,89,2,2,30000
44407085,"Gulshan-e-Iqbal - Block 13/D-3, Gulshan-e-Iqbal, Gulshan-e-Iqbal Town, Karachi, Sindh",Flat,For Rent,244,4,4,62000
44624892,"Gulshan-e-Iqbal - Block 13/D-2, Gulshan-e-Iqbal, Gulshan-e-Iqbal Town, Karachi, Sindh",Flat,For Rent,167,3,3,48000
44824291,"Askari 5, Malir Cantonment, Cantt, Karachi, Sindh",Flat,For Rent,289,3,3,90000
43637681,"DHA Phase 7, DHA Defence, Karachi, Sindh",House,For Rent,500,6,6,400000
44407607,"DHA Phase 6, DHA Defence, Karachi, Sindh",House,For Rent,250,4,4,210000
44482965,"DHA Phase 8, DHA Defence, Karachi, Sindh",House,For Rent,500,4,5,365000
44559917,"North Nazimabad - Block N, North Nazimabad, Karachi, Sindh",House,For Rent,450,5,6,200000
44672045,"Gulshan-e-Iqbal - Block 13/D-2, Gulshan-e-Iqbal, Gulshan-e-Iqbal Town, Karachi, Sindh",House,For Rent,200,3,3,190000
44678110,"DHA Phase 6, DHA Defence, Karachi, Sindh",House,For Rent,500,6,6,425000
44721215,"DHA Phase 2 Extension, DHA Defence, Karachi, Sindh",House,For Rent,630,6,6,250000
44729265,"DHA Phase 8, DHA Defence, Karachi, Sindh",House,For Rent,120,4,5,175000
39533367,"Emaar Crescent Bay, DHA Phase 8, DHA Defence, Karachi, Sindh",Flat,For Rent,328,4,6,338000
40905247,"Emaar Crescent Bay, DHA Phase 8, DHA Defence, Karachi, Sindh",Flat,For Rent,272,2,4,190000
43479993,"Shaheed Millat Road, Karachi, Sindh",Flat,For Rent,267,4,4,185000
43650575,"Gulshan-e-Iqbal - Block 13/D-2, Gulshan-e-Iqbal, Gulshan-e-Iqbal Town, Karachi, Sindh",Flat,For Rent,189,3,3,55000
43659887,"Clifton, Karachi, Sindh",Flat,For Rent,222,3,4,150000
44407629,"Clifton, Karachi, Sindh",Flat,For Rent,244,3,4,170000
44462462,"Emaar Crescent Bay, DHA Phase 8, DHA Defence, Karachi, Sindh",Flat,For Rent,183,2,3,210000
44602120,"Rahat Commercial Area, DHA Phase 6, DHA Defence, Karachi, Sindh",Flat,For Rent,194,3,3,80000
44615002,"DHA Phase 6, DHA Defence, Karachi, Sindh",Flat,For Rent,56,-,1,55000
44617401,"Sea View Apartments, Karachi, Sindh",Flat,For Rent,333,3,3,190000
42571053,"PECHS, Jamshed Town, Karachi, Sindh",House,For Rent,275,-,-,310000
43665147,"Navy Housing Scheme Karsaz, Karachi, Sindh",House,For Rent,350,5,6,250000
43846378,"Falcon Complex New Malir, Malir, Karachi, Sindh",House,For Rent,500,5,5,175000
43879460,"Falcon Complex New Malir, Malir, Karachi, Sindh",House,For Rent,350,4,5,140000
43979031,"DHA Phase 5, DHA Defence, Karachi, Sindh",House,For Rent,500,4,4,250000
44400558,"KDA Scheme 1 Extension, Karachi, Sindh",House,For Rent,700,11,6,650000
44589822,"Gulshan-e-Iqbal - Block 13/D-2, Gulshan-e-Iqbal, Gulshan-e-Iqbal Town, Karachi, Sindh",House,For Rent,200,3,3,110000
44618119,"DHA Phase 6, DHA Defence, Karachi, Sindh",House,For Rent,500,7,6,550000
44658452,"DHA Phase 8, DHA Defence, Karachi, Sindh",House,For Rent,500,6,6,400000
44682625,"DHA Phase 5, DHA Defence, Karachi, Sindh",House,For Rent,1000,5,6,500000
44671844,"Allama Iqbal Road, PECHS, Jamshed Town, Karachi, Sindh",Lower Portion,For Rent,200,3,3,125000
44672931,"DHA Phase 8, DHA Defence, Karachi, Sindh",Lower Portion,For Rent,500,3,3,200000
39943816,"DHA Phase 6, DHA Defence, Karachi, Sindh",Upper Portion,For Rent,500,4,4,140000
40574559,"DHA Phase 7, DHA Defence, Karachi, Sindh",Upper Portion,For Rent,500,3,3,140000
44441677,"DHA Phase 7, DHA Defence, Karachi, Sindh",Upper Portion,For Rent,500,3,3,150000
44721612,"Gulistan-e-Jauhar, Karachi, Sindh",Upper Portion,For Rent,200,3,3,57500
17106827,"Frere Town, Karachi, Sindh",Flat,For Rent,222,3,4,110000
21441862,"Tricon Tower, Bath Island, Karachi, Sindh",Flat,For Rent,256,3,4,150000
21551880,"Bath Island, Karachi, Sindh",Flat,For Rent,300,4,5,160000
21586854,"Clifton, Karachi, Sindh",Flat,For Rent,300,4,5,200000
23119126,"Clifton - Block 2, Clifton, Karachi, Sindh",Flat,For Rent,256,3,4,150000
24749065,"Clifton, Karachi, Sindh",Flat,For Rent,289,4,5,185000
30657070,"Clifton, Karachi, Sindh",Flat,For Rent,400,4,5,220000
40108425,"Clifton - Block 2, Clifton, Karachi, Sindh",Flat,For Rent,161,3,3,90000
40696843,"Clifton - Block 7, Clifton, Karachi, Sindh",Flat,For Rent,311,4,4,160000
41233310,"Gulistan-e-Jauhar - Block 5, Gulistan-e-Jauhar, Karachi, Sindh",Flat,For Rent,106,2,2,32000
41240217,"Gulistan-e-Jauhar - Block 16, Gulistan-e-Jauhar, Karachi, Sindh",Flat,For Rent,178,3,3,46000
41523408,"DHA Phase 5, DHA Defence, Karachi, Sindh",Flat,For Rent,100,2,2,45000
41524620,"Clifton - Block 9, Clifton, Karachi, Sindh",Flat,For Rent,222,3,3,175000
41624105,"Clifton - Block 2, Clifton, Karachi, Sindh",Flat,For Rent,178,3,3,100000
41624136,"DHA Phase 6, DHA Defence, Karachi, Sindh",Flat,For Rent,117,2,2,45000
41651414,"DHA Phase 6, DHA Defence, Karachi, Sindh",Flat,For Rent,111,2,2,60000
42512092,"Gulshan-e-Iqbal - Block 3, Gulshan-e-Iqbal, Gulshan-e-Iqbal Town, Karachi, Sindh",Flat,For Rent,78,2,2,30000
42604606,"Lakhani Presidency, Rashid Minhas Road, Karachi, Sindh",Flat,For Rent,222,4,5,110000
42700836,"Askari 5 - Sector J, Askari 5, Malir Cantonment, Cantt, Karachi, Sindh",Flat,For Rent,300,3,3,90000
42700837,"Askari 5 - Sector J, Askari 5, Malir Cantonment, Cantt, Karachi, Sindh",Flat,For Rent,367,4,4,100000
43227738,"Askari 5, Malir Cantonment, Cantt, Karachi, Sindh",Flat,For Rent,285,3,3,85000
43325059,"Bukhari Commercial Area, DHA Phase 6, DHA Defence, Karachi, Sindh",Flat,For Rent,111,2,2,55000
43511657,"Bukhari Commercial Area, DHA Phase 6, DHA Defence, Karachi, Sindh",Flat,For Rent,144,3,3,90000
43726708,"Clifton, Karachi, Sindh",Flat,For Rent,133,3,3,160000
43789706,"Gulshan-e-Iqbal - Block 13/A, Gulshan-e-Iqbal, Gulshan-e-Iqbal Town, Karachi, Sindh",Flat,For Rent,100,2,3,35000
43820726,"Clifton, Karachi, Sindh",Flat,For Rent,256,3,5,150000
43889612,"Gulshan-e-Iqbal - Block 4, Gulshan-e-Iqbal, Gulshan-e-Iqbal Town, Karachi, Sindh",Flat,For Rent,94,2,2,35000
43980175,"Gulshan-e-Iqbal - Block 3, Gulshan-e-Iqbal, Gulshan-e-Iqbal Town, Karachi, Sindh",Flat,For Rent,156,3,3,70000
44017587,"University Road, Karachi, Sindh",Flat,For Rent,200,3,3,45000
44047774,"Clifton - Block 4, Clifton, Karachi, Sindh",Flat,For Rent,129,2,2,150000
44111236,"Clifton - Block 4, Clifton, Karachi, Sindh",Flat,For Rent,128,2,2,100000
44188469,"Creek Vista, DHA Phase 8, DHA Defence, Karachi, Sindh",Flat,For Rent,356,4,4,250000
44192279,"Clifton - Block 4, Clifton, Karachi, Sindh",Flat,For Rent,133,2,2,90000
44200001,"Clifton - Block 4, Clifton, Karachi, Sindh",Flat,For Rent,167,3,3,95000
44200411,"Clifton - Block 4, Clifton, Karachi, Sindh",Flat,For Rent,167,3,3,160000
44247793,"Bahria Apartments, Bahria Town Karachi, Karachi, Sindh",Flat,For Rent,106,2,2,28000
44323605,"Gulistan-e-Jauhar - Block 7, Gulistan-e-Jauhar, Karachi, Sindh",Flat,For Rent,172,3,3,60000
44323607,"Gulistan-e-Jauhar - Block 7, Gulistan-e-Jauhar, Karachi, Sindh",Flat,For Rent,178,3,3,60000
44323611,"Gulistan-e-Jauhar - Block 7, Gulistan-e-Jauhar, Karachi, Sindh",Flat,For Rent,172,3,3,60000
44323614,"Gulistan-e-Jauhar - Block 7, Gulistan-e-Jauhar, Karachi, Sindh",Flat,For Rent,178,3,3,60000
44323622,"Gulistan-e-Jauhar - Block 7, Gulistan-e-Jauhar, Karachi, Sindh",Flat,For Rent,178,3,3,60000
44323628,"Gulistan-e-Jauhar - Block 7, Gulistan-e-Jauhar, Karachi, Sindh",Flat,For Rent,172,3,3,60000
44328876,"DHA Phase 5, DHA Defence, Karachi, Sindh",Flat,For Rent,111,2,2,95000
44349624,"North Karachi - Sector 11-C/1, North Karachi, Karachi, Sindh",Flat,For Rent,100,2,2,24000
44350077,"Clifton - Block 1, Clifton, Karachi, Sindh",Flat,For Rent,83,2,2,35000
44428833,"De Comforts, Federal B Area - Block 8, Federal B Area, Karachi, Sindh",Flat,For Rent,83,2,2,30000
44440123,"Clifton - Block 2, Clifton, Karachi, Sindh",Flat,For Rent,178,3,3,80000
44533749,"Daniyal Residency, Scheme 33, Karachi, Sindh",Flat,For Rent,83,2,2,23000
44536623,"Clifton - Block 6, Clifton, Karachi, Sindh",Flat,For Rent,367,4,4,260000
44541547,"DHA Phase 6, DHA Defence, Karachi, Sindh",Flat,For Rent,56,-,2,50000
44559457,"Korangi Creek Cantonment, Korangi, Karachi, Sindh",Flat,For Rent,120,3,2,27000
44601948,"PECHS Block 2, PECHS, Jamshed Town, Karachi, Sindh",Flat,For Rent,139,3,3,60000
44614792,"Bahria Heights, Bahria Town Karachi, Karachi, Sindh",Flat,For Rent,122,2,2,28000
44670093,"Rashid Minhas Road, Karachi, Sindh",Flat,For Rent,161,3,3,35000
44683933,"Bahria Heights, Bahria Town Karachi, Karachi, Sindh",Flat,For Rent,122,2,2,28000
44687302,"Bahria Apartments, Bahria Town Karachi, Karachi, Sindh",Flat,For Rent,106,2,2,25000
44689410,"Defence View Society, Karachi, Sindh",Flat,For Rent,89,2,2,27000
44762259,"Clifton - Block 4, Clifton, Karachi, Sindh",Flat,For Rent,222,3,3,92000
44782641,"Askari 5 - Sector J, Askari 5, Malir Cantonment, Cantt, Karachi, Sindh",Flat,For Rent,300,3,4,85000
44782822,"Askari 5 - Sector J, Askari 5, Malir Cantonment, Cantt, Karachi, Sindh",Flat,For Rent,300,3,4,90000
44792079,"Scheme 33, Karachi, Sindh",Flat,For Rent,72,2,2,20000
44830912,"Gulistan-e-Jauhar, Karachi, Sindh",Flat,For Rent,106,2,2,28000
44837219,"Saima Arabian Villas, Gadap Town, Karachi, Sindh",Flat,For Rent,83,2,2,18000
44837345,"Gulshan-e-Iqbal - Block 7, Gulshan-e-Iqbal, Gulshan-e-Iqbal Town, Karachi, Sindh",Flat,For Rent,94,2,2,34000
44837371,"DHA Phase 6, DHA Defence, Karachi, Sindh",Flat,For Rent,56,-,2,45000
44837866,"DHA Phase 6, DHA Defence, Karachi, Sindh",Flat,For Rent,50,-,2,32000
44837874,"DHA Phase 6, DHA Defence, Karachi, Sindh",Flat,For Rent,50,-,2,27000
44837880,"DHA Phase 6, DHA Defence, Karachi, Sindh",Flat,For Rent,106,2,2,50000
44837979,"Bukhari Commercial Area, DHA Phase 6, DHA Defence, Karachi, Sindh",Flat,For Rent,50,-,2,28000
44838236,"Grey Noor Tower & Shopping Mall, Scheme 33, Karachi, Sindh",Flat,For Rent,189,3,4,50000
44839686,"Manzoor Colony, Karachi, Sindh",Flat,For Rent,85,3,2,25000
44840167,"Gulshan-e-Iqbal - Block 10, Gulshan-e-Iqbal, Gulshan-e-Iqbal Town, Karachi, Sindh",Flat,For Rent,244,4,4,75000
44840268,"Askari 5 - Sector J, Askari 5, Malir Cantonment, Cantt, Karachi, Sindh",Flat,For Rent,333,4,5,114999
44840351,"Askari 5 - Sector J, Askari 5, Malir Cantonment, Cantt, Karachi, Sindh",Flat,For Rent,333,4,5,114999
44840472,"Bahria Apartments, Bahria Town Karachi, Karachi, Sindh",Flat,For Rent,106,2,2,28000
44840525,"Bahria Apartments, Bahria Town Karachi, Karachi, Sindh",Flat,For Rent,283,3,3,48000
44840557,"Bahria Apartments, Bahria Town Karachi, Karachi, Sindh",Flat,For Rent,400,4,4,70000
44840797,"North Nazimabad - Block H, North Nazimabad, Karachi, Sindh",Flat,For Rent,94,2,2,30000
44841249,"Kings Cottages, Gulistan-e-Jauhar - Block 7, Gulistan-e-Jauhar, Karachi, Sindh",Flat,For Rent,161,3,3,52000
23687145,"Clifton - Block 4, Clifton, Karachi, Sindh",House,For Rent,330,5,5,350000
29210681,"Falcon Complex New Malir, Malir, Karachi, Sindh",House,For Rent,350,4,5,140000
40877287,"Falcon Complex New Malir, Malir, Karachi, Sindh",House,For Rent,500,5,5,168000
42548024,"Falcon Complex New Malir, Malir, Karachi, Sindh",House,For Rent,500,5,5,165000
42548029,"Falcon Complex New Malir, Malir, Karachi, Sindh",House,For Rent,500,5,5,175000
43186145,"DHA Phase 8, DHA Defence, Karachi, Sindh",House,For Rent,100,3,4,180000
43488643,"DHA Phase 2, DHA Defence, Karachi, Sindh",House,For Rent,500,4,5,210000
43548839,"Saadi Town, Scheme 33, Karachi, Sindh",House,For Rent,400,3,4,70000
43603689,"DHA Phase 7, DHA Defence, Karachi, Sindh",House,For Rent,100,3,3,120000
43659414,"DHA Phase 6, DHA Defence, Karachi, Sindh",House,For Rent,1000,5,6,600000
43912783,"DHA Phase 7, DHA Defence, Karachi, Sindh",House,For Rent,500,5,5,220000
43919541,"PECHS Block 2, PECHS, Jamshed Town, Karachi, Sindh",House,For Rent,1000,10,5,1000000
43931793,"Saima Elite Villas, Malir, Karachi, Sindh",House,For Rent,120,3,3,50000
43974990,"DHA Phase 7 Extension, DHA Defence, Karachi, Sindh",House,For Rent,100,4,4,100000
43999011,"DHA Phase 6, DHA Defence, Karachi, Sindh",House,For Rent,500,5,6,600000
44247798,"Bahria Town - Precinct 10-A, Bahria Town Karachi, Karachi, Sindh",House,For Rent,200,3,3,40000
44464084,"Bahria Town - Precinct 35, Bahria Sports City, Bahria Town Karachi, Karachi, Sindh",House,For Rent,350,4,4,35000
44464085,"Bahria Town - Precinct 11-B, Bahria Town - Precinct 11, Bahria Town Karachi, Karachi, Sindh",House,For Rent,152,3,3,30000
44464086,"Bahria Town - Ali Block, Bahria Town - Precinct 12, Bahria Town Karachi, Karachi, Sindh",House,For Rent,125,3,3,30000
44576786,"PECHS Block 2, PECHS, Jamshed Town, Karachi, Sindh",House,For Rent,250,5,5,250000
44650890,"Bahria Town - Precinct 10-A, Bahria Town Karachi, Karachi, Sindh",House,For Rent,200,3,3,38000
44651147,"Bahria Town - Precinct 11-A, Bahria Town - Precinct 11, Bahria Town Karachi, Karachi, Sindh",House,For Rent,200,3,3,35000
44687331,"Bahria Town - Precinct 10-A, Bahria Town Karachi, Karachi, Sindh",House,For Rent,200,3,3,36000
44687338,"Bahria Homes - Iqbal Villas, Bahria Town - Precinct 2, Bahria Town Karachi, Karachi, Sindh",House,For Rent,150,3,3,50000
44701254,"Sindh Baloch Housing Society, Gulistan-e-Jauhar, Karachi, Sindh",House,For Rent,200,3,3,60000
44734683,"DHA Phase 8, DHA Defence, Karachi, Sindh",House,For Rent,120,4,5,160000
44747020,"Askari 5 - Sector J, Askari 5, Malir Cantonment, Cantt, Karachi, Sindh",House,For Rent,375,5,6,150000
44747626,"Askari 5 - Sector J, Askari 5, Malir Cantonment, Cantt, Karachi, Sindh",House,For Rent,375,5,6,155000
44837249,"New Karachi - Sector 5-A/4, New Karachi - Sector 5-A, New Karachi, Karachi, Sindh",House,For Rent,80,4,3,34000
44837251,"Saima Arabian Villas, Gadap Town, Karachi, Sindh",House,For Rent,120,2,2,24000
44837257,"Saima Arabian Villas, Gadap Town, Karachi, Sindh",House,For Rent,120,2,2,26000
44838216,"Bahria Town - Ali Block, Bahria Town - Precinct 12, Bahria Town Karachi, Karachi, Sindh",House,For Rent,125,3,3,38000
44838230,"Bahria Town - Precinct 27, Bahria Town Karachi, Karachi, Sindh",House,For Rent,235,3,3,28000
44838241,"Bahria Town - Precinct 31, Bahria Town Karachi, Karachi, Sindh",House,For Rent,235,3,3,27000
44838278,"Bahria Sports City, Bahria Town Karachi, Karachi, Sindh",House,For Rent,350,4,4,35000
44839386,"Saima Arabian Villas, Gadap Town, Karachi, Sindh",House,For Rent,120,4,4,45000
44839780,"Model Colony - Malir, Malir, Karachi, Sindh",House,For Rent,190,2,3,35000
44840227,"Gulshan-e-Maymar - Sector R, Gulshan-e-Maymar, Gadap Town, Karachi, Sindh",House,For Rent,120,2,3,32000
44840420,"Bahria Paradise, Bahria Town Karachi, Karachi, Sindh",House,For Rent,500,5,5,114999
44840781,"DHA Phase 2 Extension, DHA Defence, Karachi, Sindh",House,For Rent,666,6,6,250000
44840854,"Bahria Sports City, Bahria Town Karachi, Karachi, Sindh",House,For Rent,350,4,4,55000
41617468,"Gulshan-e-Iqbal - Block 6, Gulshan-e-Iqbal, Gulshan-e-Iqbal Town, Karachi, Sindh",Lower Portion,For Rent,400,3,3,80000
41996474,"Gulshan-e-Iqbal - Block 6, Gulshan-e-Iqbal, Gulshan-e-Iqbal Town, Karachi, Sindh",Lower Portion,For Rent,120,2,2,45000
43548835,"Saadi Town, Scheme 33, Karachi, Sindh",Lower Portion,For Rent,120,2,3,22000
43591315,"Gulshan-e-Iqbal - Block 13/A, Gulshan-e-Iqbal, Gulshan-e-Iqbal Town, Karachi, Sindh",Lower Portion,For Rent,189,3,3,58000
43824510,"DHA Phase 8, DHA Defence, Karachi, Sindh",Lower Portion,For Rent,500,3,3,150000
44027664,"PECHS Block 2, PECHS, Jamshed Town, Karachi, Sindh",Lower Portion,For Rent,250,4,4,175000
44180969,"Saadi Town, Scheme 33, Karachi, Sindh",Lower Portion,For Rent,240,3,4,40000
44180975,"Saadi Town, Scheme 33, Karachi, Sindh",Lower Portion,For Rent,400,3,4,55000
44236729,"DHA Phase 8, DHA Defence, Karachi, Sindh",Lower Portion,For Rent,500,3,4,225000
44312155,"Gulshan-e-Iqbal - Block 6, Gulshan-e-Iqbal, Gulshan-e-Iqbal Town, Karachi, Sindh",Lower Portion,For Rent,120,2,2,36000
44349773,"DHA Phase 6, DHA Defence, Karachi, Sindh",Lower Portion,For Rent,500,3,3,100000
44484297,"Naya Nazimabad, Karachi, Sindh",Lower Portion,For Rent,240,2,2,65000
44484315,"PIA Housing Society, Faisal Cantonment, Cantt, Karachi, Sindh",Lower Portion,For Rent,400,4,4,100000
44504438,"Gulshan-e-Iqbal - Block 3, Gulshan-e-Iqbal, Gulshan-e-Iqbal Town, Karachi, Sindh",Lower Portion,For Rent,240,3,3,85000
44793912,"DHA Phase 8 - Zone A, DHA Phase 8, DHA Defence, Karachi, Sindh",Lower Portion,For Rent,500,3,4,200000
44797974,"DOHS Phase 2, Malir Cantonment, Cantt, Karachi, Sindh",Lower Portion,For Rent,500,4,5,130000
44837361,"Gulshan-e-Iqbal - Block 4A, Gulshan-e-Iqbal, Gulshan-e-Iqbal Town, Karachi, Sindh",Lower Portion,For Rent,120,2,2,34000
44837385,"Gulshan-e-Iqbal - Block 6, Gulshan-e-Iqbal, Gulshan-e-Iqbal Town, Karachi, Sindh",Lower Portion,For Rent,120,2,2,45000
44837902,"Federal B Area - Block 5, Federal B Area, Karachi, Sindh",Lower Portion,For Rent,500,-,-,145000
44840071,"DHA Phase 7, DHA Defence, Karachi, Sindh",Lower Portion,For Rent,300,2,2,80000
41624224,"Gulshan-e-Iqbal Town, Karachi, Sindh",Room,For Rent,44,1,1,20000
44439980,"DHA Phase 2, DHA Defence, Karachi, Sindh",Room,For Rent,72,1,2,60000
44530360,"DHA Phase 6, DHA Defence, Karachi, Sindh",Room,For Rent,72,1,1,50000
41551313,"KDA Officers Society, Gulshan-e-Iqbal Town, Karachi, Sindh",Upper Portion,For Rent,240,3,3,140000
42229910,"Gulshan-e-Iqbal - Block 11, Gulshan-e-Iqbal, Gulshan-e-Iqbal Town, Karachi, Sindh",Upper Portion,For Rent,240,4,4,60000
42700734,"DOHS Phase 1, Malir Cantonment, Cantt, Karachi, Sindh",Upper Portion,For Rent,550,3,3,125000
42889100,"Gulshan-e-Iqbal - Block 7, Gulshan-e-Iqbal, Gulshan-e-Iqbal Town, Karachi, Sindh",Upper Portion,For Rent,250,3,3,72000
43166936,"Gulshan-e-Iqbal - Block 6, Gulshan-e-Iqbal, Gulshan-e-Iqbal Town, Karachi, Sindh",Upper Portion,For Rent,120,3,3,70000
43281296,"Gulshan-e-Iqbal - Block 6, Gulshan-e-Iqbal, Gulshan-e-Iqbal Town, Karachi, Sindh",Upper Portion,For Rent,400,4,4,95000
43381161,"Gulshan-e-Maymar, Gadap Town, Karachi, Sindh",Upper Portion,For Rent,120,2,3,23000
43412998,"Gulistan-e-Jauhar - Block 14, Gulistan-e-Jauhar, Karachi, Sindh",Upper Portion,For Rent,450,3,3,75000
43632465,"Gulshan-e-Iqbal - Block 13/D-2, Gulshan-e-Iqbal, Gulshan-e-Iqbal Town, Karachi, Sindh",Upper Portion,For Rent,189,3,3,55000
43824609,"DHA Phase 4, DHA Defence, Karachi, Sindh",Upper Portion,For Rent,500,3,3,135000
43835391,"Gulistan-e-Jauhar, Karachi, Sindh",Upper Portion,For Rent,170,3,3,50000
43890190,"Gulshan-e-Iqbal - Block 6, Gulshan-e-Iqbal, Gulshan-e-Iqbal Town, Karachi, Sindh",Upper Portion,For Rent,400,2,2,40000
43907972,"Gulshan-e-Iqbal - Block 6, Gulshan-e-Iqbal, Gulshan-e-Iqbal Town, Karachi, Sindh",Upper Portion,For Rent,120,2,2,45000
43964010,"Gulshan-e-Iqbal, Gulshan-e-Iqbal Town, Karachi, Sindh",Upper Portion,For Rent,120,2,3,30000
43999079,"DHA Phase 8, DHA Defence, Karachi, Sindh",Upper Portion,For Rent,500,3,4,170000
44210444,"DHA Phase 8, DHA Defence, Karachi, Sindh",Upper Portion,For Rent,500,3,4,160000
44237676,"Shadman, North Nazimabad, Karachi, Sindh",Upper Portion,For Rent,200,2,2,45000
44484332,"PIA Housing Society, Faisal Cantonment, Cantt, Karachi, Sindh",Upper Portion,For Rent,400,4,4,100000
44506440,"PECHS Block 2, PECHS, Jamshed Town, Karachi, Sindh",Upper Portion,For Rent,150,3,3,70000
44576727,"PECHS Block 2, PECHS, Jamshed Town, Karachi, Sindh",Upper Portion,For Rent,100,2,2,60000
44607242,"Gulshan-e-Iqbal - Block 3, Gulshan-e-Iqbal, Gulshan-e-Iqbal Town, Karachi, Sindh",Upper Portion,For Rent,240,3,3,80000
44635153,"Gulshan-e-Iqbal - Block 7, Gulshan-e-Iqbal, Gulshan-e-Iqbal Town, Karachi, Sindh",Upper Portion,For Rent,250,-,-,125000
44639892,"Gulshan-e-Iqbal - Block 6, Gulshan-e-Iqbal, Gulshan-e-Iqbal Town, Karachi, Sindh",Upper Portion,For Rent,140,2,2,45000
44641564,"North Karachi - Sector 7-D1, North Karachi, Karachi, Sindh",Upper Portion,For Rent,120,2,2,19000
44736561,"Gulshan-e-Iqbal - Block 3, Gulshan-e-Iqbal, Gulshan-e-Iqbal Town, Karachi, Sindh",Upper Portion,For Rent,44,1,1,15000
44754401,"DHA Phase 4, DHA Defence, Karachi, Sindh",Upper Portion,For Rent,1000,3,3,158000
44766734,"Gulshan-e-Iqbal - Block 13/D-1, Gulshan-e-Iqbal, Gulshan-e-Iqbal Town, Karachi, Sindh",Upper Portion,For Rent,111,2,2,30000
44837201,"North Karachi - Sector 9, North Karachi, Karachi, Sindh",Upper Portion,For Rent,120,2,3,29000
44837377,"Gulshan-e-Iqbal - Block 5, Gulshan-e-Iqbal, Gulshan-e-Iqbal Town, Karachi, Sindh",Upper Portion,For Rent,240,3,2,52000
44837881,"Federal B Area - Block 12, Federal B Area, Karachi, Sindh",Upper Portion,For Rent,400,4,5,129000
44840409,"PECHS Block 2, PECHS, Jamshed Town, Karachi, Sindh",Upper Portion,For Rent,156,3,3,100000
44841166,"North Nazimabad - Block I, North Nazimabad, Karachi, Sindh",Upper Portion,For Rent,200,3,3,58000
39808125,"Emaar Pearl Towers, Emaar Crescent Bay, DHA Phase 8, DHA Defence, Karachi, Sindh",Flat,For Rent,356,3,4,190000
41651414,"DHA Phase 6, DHA Defence, Karachi, Sindh",Flat,For Rent,111,2,2,60000
43511657,"Bukhari Commercial Area, DHA Phase 6, DHA Defence, Karachi, Sindh",Flat,For Rent,144,3,3,90000
43726708,"Clifton, Karachi, Sindh",Flat,For Rent,133,3,3,160000
44111236,"Clifton - Block 4, Clifton, Karachi, Sindh",Flat,For Rent,128,2,2,100000
44120614,"Saima Jinnah Avenue, Malir, Karachi, Sindh",Flat,For Rent,244,3,4,76000
44136714,"Defence View Society, Karachi, Sindh",Flat,For Rent,189,3,4,75000
44200411,"Clifton - Block 4, Clifton, Karachi, Sindh",Flat,For Rent,167,3,3,160000
44302054,"Nazimabad 3, Nazimabad, Karachi, Sindh",Flat,For Rent,108,3,3,28000
44541563,"Bukhari Commercial Area, DHA Phase 6, DHA Defence, Karachi, Sindh",Flat,For Rent,111,2,2,60000
44740023,"Sehar Commercial Area, DHA Phase 7, DHA Defence, Karachi, Sindh",Flat,For Rent,100,2,2,42000
44774711,"Emaar Reef Towers, Emaar Crescent Bay, DHA Phase 8, DHA Defence, Karachi, Sindh",Flat,For Rent,243,3,4,180000
44807085,"Nishat Commercial Area, DHA Phase 6, DHA Defence, Karachi, Sindh",Flat,For Rent,106,2,2,55000
44820970,"Clifton - Block 2, Clifton, Karachi, Sindh",Flat,For Rent,178,3,3,65000
44836839,"Gulshan-e-Iqbal - Block 11, Gulshan-e-Iqbal, Gulshan-e-Iqbal Town, Karachi, Sindh",Flat,For Rent,144,3,3,45000
44837087,"Gulshan-e-Iqbal - Block 3, Gulshan-e-Iqbal, Gulshan-e-Iqbal Town, Karachi, Sindh",Flat,For Rent,161,3,3,65000
44837169,"Gulshan-e-Kaneez Fatima, Scheme 33, Karachi, Sindh",Flat,For Rent,72,2,2,20000
44837178,"Saima Arabian Villas, Gadap Town, Karachi, Sindh",Flat,For Rent,83,2,2,18500
44837198,"Saima Arabian Villas, Gadap Town, Karachi, Sindh",Flat,For Rent,83,2,2,18000
44837219,"Saima Arabian Villas, Gadap Town, Karachi, Sindh",Flat,For Rent,83,2,2,18000
43739997,"DHA Phase 8, DHA Defence, Karachi, Sindh",House,For Rent,120,4,5,135000
43787564,"DHA Phase 6, DHA Defence, Karachi, Sindh",House,For Rent,1000,6,6,900000
43913412,"DHA Phase 5, DHA Defence, Karachi, Sindh",House,For Rent,500,5,6,225000
43976037,"DHA Phase 5, DHA Defence, Karachi, Sindh",House,For Rent,1000,6,6,1000000
44199152,"DHA Phase 7, DHA Defence, Karachi, Sindh",House,For Rent,250,4,4,300000
44289458,"Saima Elite Villas, Malir, Karachi, Sindh",House,For Rent,120,2,2,40000
44331713,"DHA Phase 6, DHA Defence, Karachi, Sindh",House,For Rent,300,4,4,229999
44536008,"DHA Phase 6, DHA Defence, Karachi, Sindh",House,For Rent,1000,5,6,560000
44700348,"DHA Phase 8, DHA Defence, Karachi, Sindh",House,For Rent,1000,6,6,1000000
44837249,"New Karachi - Sector 5-A/4, New Karachi - Sector 5-A, New Karachi, Karachi, Sindh",House,For Rent,80,4,3,34000
44836845,"Gulistan-e-Jauhar, Karachi, Sindh",Lower Portion,For Rent,400,3,-,78000
44837037,"DHA Phase 6, DHA Defence, Karachi, Sindh",Lower Portion,For Rent,500,3,4,110000
44837082,"DHA Phase 6, DHA Defence, Karachi, Sindh",Lower Portion,For Rent,500,3,4,100000
44837162,"Abul Hassan Isphani Road, Karachi, Sindh",Lower Portion,For Rent,120,2,2,25000
44837266,"North Karachi - Sector 11B, North Karachi, Karachi, Sindh",Lower Portion,For Rent,240,3,3,55000
44530360,"DHA Phase 6, DHA Defence, Karachi, Sindh",Room,For Rent,72,1,1,50000
44001408,"Gulshan-e-Maymar - Sector S, Gulshan-e-Maymar, Gadap Town, Karachi, Sindh",Upper Portion,For Rent,600,3,3,75000
44454340,"DHA Phase 7 Extension, DHA Defence, Karachi, Sindh",Upper Portion,For Rent,200,3,4,120000
44535751,"DHA Phase 8, DHA Defence, Karachi, Sindh",Upper Portion,For Rent,500,3,4,150000
44728607,"DHA Phase 8, DHA Defence, Karachi, Sindh",Upper Portion,For Rent,500,3,4,170000
44740204,"Bufferzone - Sector 15-A/4, Buffer Zone, North Karachi, Karachi, Sindh",Upper Portion,For Rent,120,4,5,52000
44825043,"Bufferzone - Sector 15-A/4, Buffer Zone, North Karachi, Karachi, Sindh",Upper Portion,For Rent,120,2,3,32000
44825149,"Bufferzone - Sector 15-A/4, Buffer Zone, North Karachi, Karachi, Sindh",Upper Portion,For Rent,80,2,2,22000
44837150,"North Karachi - Sector 11-C/3, North Karachi, Karachi, Sindh",Upper Portion,For Rent,120,2,3,30000
44837183,"Gulshan-e-Kaneez Fatima - Block 2, Gulshan-e-Kaneez Fatima, Scheme 33, Karachi, Sindh",Upper Portion,For Rent,240,3,3,50000
44837201,"North Karachi - Sector 9, North Karachi, Karachi, Sindh",Upper Portion,For Rent,120,2,3,29000
